suburb,address,sale_price,sale_date,property_type,bedrooms,bathrooms,car_spaces,land_size_sqm,building_size_sqm,station_min,description,listing_url
Marrickville,73b Illawarra Road,3055000,16/09/2026,Duplex/semi-detached,4,3,2.0,240.0,,5,"Remarkable architectural design, generous proportions and exquisite finishes define this exceptional residence, tailored to contemporary family living. Enjoy seamless access to Marrickville's amenities including vibrant shops, schools, parks and transport.",https://www.realestate.com.au/sold/property-duplex+semi-detached-nsw-marrickville-152092644
Marrickville,705/178 Livingstone Road,912500,14/09/2026,Unit,1,1,1.0,,75.0,4,"Perched on level seven, this stylish one-bedroom apartment combines contemporary comfort with impressive leafy and district outlooks. Light-filled interiors extend to a sheltered balcony, while secure parking, storage and a study nook enhance everyday convenience.",https://www.realestate.com.au/sold/property-unit-nsw-marrickville-152027516
Marrickville,11 Albermarle Street,3170000,12/09/2026,House,3,1,1.0,518.5,,2,"Placed along a row of character homes in a tree-line street, this upgraded family residence radiates excellence with acute attention to detail. It possesses numerous original features, including coloured glazing, multiple fireplaces, high ornate ceilings and pristine timber floorboards. Every room is generously proportioned for comfort, across a classic three-bed floorplan that culminates in a sensational entertaining area with a stainless-steel kitchen, a dining setting with a fireplace, plus a full-width verandah that overlooks the northerly garden. There is plenty of space on this block to further extend the home subject to council approval (STCA), while its perfect presentation will warrant leaving it as it is and reaping all the rewards of the Marrickville postcode without haste. This address is placed between two train stations and there is a café on the corner of the street, while shops, parks, schools and light rail services are all within close proximity.",https://www.realestate.com.au/sold/property-house-nsw-marrickville-152070136
Marrickville,22 Fletcher Street,2185000,12/09/2026,House,4,2,1.0,,,5,"Set within a quiet, tree-lined street, this freestanding late 1800s Victorian terrace presents an exciting opportunity on an impressive 524.9sqm (approx.) parcel of land. Featuring four bedrooms, two bathrooms and off-street parking, the property provides plenty of scope to renovate and restore the existing terrace or explore the potential to create a brand-new home (S.T.C.A.). With Marrickville Station, multiple other transport options, Marrickville Road's vibrant shops, cafes and bars, schools and parks all within easy walking distance, this is a rare opportunity to secure a substantial parcel of land in a highly sought-after location.",https://www.realestate.com.au/sold/property-house-nsw-marrickville-152060540
Marrickville,228/11-23 Gordon Street,1475000,12/09/2026,Apartment,2,2,1.0,,,5,"Housed within the acclaimed 'Globe Mills' complex, this rare find is the only apartment to feature an outdoor terrace in the coveted warehouse conversion. With resort-worthy facilities on site and only one block back from Enmore Park, it's the epitome of urban living.",https://www.realestate.com.au/sold/property-apartment-nsw-marrickville-152073356
Marrickville,16/44-50 Ewart Street,810000,09/09/2026,Apartment,2,1,,,75.0,4,"With fresh interiors and a backdrop of leafy greenery, this smartly revamped apartment delivers an easy-living retreat matched by a quiet location of easy convenience. It makes a great low-maintenance home that's well presented throughout with refreshed interiors and a highly private position close to the heart of Dulwich Hill. This peaceful lifestyle setting is also within a 300m stroll to the Metro station, light rail and village cafes, and only a couple of blocks from the Cooks River parklands and the new Greenway.",https://www.realestate.com.au/sold/property-apartment-nsw-marrickville-151460716
Marrickville,124 Warren Road,3500000,08/09/2026,House,5,3,3.0,385.7,,3,"There's something truly special about stepping into a home where every detail has been perfectly considered, with flawless interiors flowing seamlessly to an exceptional outdoor entertainer's paradise. Welcome to the future of luxurious modern living in this brand-new residence, where sensational style, high-end finishes and meticulous craftsmanship come together in spectacular fashion. Exclusively positioned within Marrickville's sought-after Warren Estate precinct, it offers a thoughtfully designed layout that makes everyday living and entertaining easy.",https://www.realestate.com.au/sold/property-house-nsw-marrickville-152019512
Marrickville,53 Silver Street,1655000,04/09/2026,House,2,1,,,,4,"Positioned in a highly convenient lifestyle location, this freestanding home presents a rare opportunity for buyers looking to undertake a renovation project and create a home tailored to their own style and vision. Retaining much of its original character, the property offers separate lounge and dining areas, two bedrooms, an additional room ideal for a study or storage, and original kitchen and bathroom spaces. Offering outstanding potential to transform and add value, this is the perfect opportunity for renovators, builders or creative buyers looking to reimagine a freestanding home and capitalise on its sought-after location. Enjoying a vibrant setting within walking distance to Marrickville Road's shops, cafes, bars and restaurants, as well as parks, schools and public transport, this is an exciting chance to secure a home with enormous future potential in the heart of the inner west.",https://www.realestate.com.au/sold/property-house-nsw-marrickville-151158920
Marrickville,6 Park Road,1575500,04/09/2026,House,2,1,,215.0,,4,"For nearly one hundred years, this semi-detached home has known only one family, welcomed as tenants in c1928 and embraced as owners not long after. Cherished across four generations, its rich period character has been lovingly preserved, ready now to begin a new story.",https://www.realestate.com.au/sold/property-house-nsw-marrickville-151841660
Marrickville,13/2-6 Schwebel Street,1202000,03/09/2026,Apartment,2,1,1.0,,,1,"A street behind the lively Illawarra Road, this top-floor apartment catches the city skyline from its entertainer's balcony, with new engineered oak floorboards running through an open living domain. Marrickville Station, cafes and supermarkets sit within this enviably walkable pocket.",https://www.realestate.com.au/sold/property-apartment-nsw-marrickville-152102528
Marrickville,225/11-23 Gordon Street,850000,03/09/2026,Apartment,1,1,1.0,,65.0,5,"In the premier north-facing position, this 65sqm home (plus 13sqm parking) is one of the biggest 1-bedroom designs in the 'Globe Mills' conversion. With warehouse bones and incredible sense of space throughout, the oversized windows and high ceilings ensure plenty of light and wow factor, while the setting puts you in one of the area's best-regarded buildings.",https://www.realestate.com.au/sold/property-apartment-nsw-marrickville-152109944
Marrickville,8/261-263 Wardell Road,690000,02/09/2026,Apartment,1,1,1.0,,,1,"Located in the heart of Dulwich Hill, this modern apartment offers unbeatable convenience just 96m to train and light rail, with easy access to the CBD and Marrickville lifestyle precinct.",https://www.realestate.com.au/sold/property-apartment-nsw-marrickville-149930668
Marrickville,27/254-258 Wardell Road,1350000,28/08/2026,Apartment,2,1,1.0,,116.0,1,"Presenting an exceptional opportunity, this beautifully appointed two-bedroom home combines a unique dual-level layout with contemporary interiors, generous proportions and an abundance of natural light. Thoughtfully designed for both everyday living and effortless entertaining, the home features a spacious open-plan living and dining area with floor to ceiling windows that creates a welcoming sense of space and seamless flow throughout. Being conveniently located only steps to public transport including the light rail, soon to be Metro, local shops, eateries & parklands, this home is perfect for all.",https://www.realestate.com.au/sold/property-apartment-nsw-marrickville-152076584
Marrickville,26/342A Marrickville Road,1170000,28/08/2026,Apartment,2,2,1.0,,,3,"Bathed in northerly sunlight from its generous entertainers' terrace, this immaculate apartment is oversized, modern and sensationally positioned in a vibrant, coveted pocket of Marrickville. House-like proportions host a beautifully curated design, made for easy, private and stylish living.",https://www.realestate.com.au/sold/property-apartment-nsw-marrickville-151994520
Marrickville,102/1-13 Garners Avenue,1085000,28/08/2026,Apartment,1,1,1.0,,114.0,5,"Designed with a practical and user-friendly layout for modern living, this quality one-bedroom plus study courtyard apartment delivers the ideal home for today's demands. With private alfresco areas to entertain, you can extend your lifestyle outdoors and appreciate the sunlit spaces that make it an easy low-maintenance place to live. This is the perfect package for owner occupiers, a low-care investment or a scale down opportunity as it's stylishly appointed, very secure and positioned just 200m to Marrickville Road, with shopping, café and dining options strolling distance from the front door.",https://www.realestate.com.au/sold/property-apartment-nsw-marrickville-151956384
Marrickville,605/2 Arthur Street,1730000,27/08/2026,Apartment,3,2,2.0,,155.0,2,"Experience the ultimate modern lifestyle in this stunning top-floor residence, offering panoramic city views from its enviable north east facing position. Designed for effortless living and entertaining, the open-plan lounge, dining and kitchen area flows seamlessly to the outdoors, with sleek herringbone-style floors on display throughout. The gourmet kitchen sets the tone for the home's luxurious ambiance featuring marble benchtops and premium Smeg appliances, while the generous accommodation and stylish bathrooms complete this quality city-fringe retreat. Positioned in a prime location, it's just a short stroll to Marrickville Station, parks and a vibrant array of shopping and dining options, while also being very convenient for the CBD.",https://www.realestate.com.au/sold/property-apartment-nsw-marrickville-146419284
Marrickville,3/7 Henson Street,940000,27/08/2026,Apartment,2,1,1.0,,,3,"Enjoy easy ground floor living in this well-presented two-bedroom apartment, quietly positioned within a boutique security building of just eight apartments. Offering a leafy outlook and a practical layout, the apartment features polished timber floors throughout, split system air conditioning, a renovated bathroom and a neat and tidy kitchen complete with a convenient servery. The main bedroom opens onto a private balcony and includes a built-in wardrobe. Complete with a car space and ideally positioned close to transport, schools, parks and local shops, this is a comfortable home in a convenient location.",https://www.realestate.com.au/sold/property-apartment-nsw-marrickville-152011416
Marrickville,14 Excelsior Parade,2025000,22/08/2026,House,3,1,2.0,,,3,"Beautifully refreshed while retaining its timeless period charm, this character home showcases soaring ornate ceilings, generous proportions and an abundance of natural light. Blending classic elegance with modern comfort, it presents an exceptional opportunity for families, professionals and investors seeking space, flexibility and everyday convenience in one of Marrickville's most sought-after lifestyle pockets.",https://www.realestate.com.au/sold/property-house-nsw-marrickville-151849748
Marrickville,64 Silver Street,1700000,19/08/2026,House,2,1,,132.8,,5,"Quietly tucked away in one of Marrickville's most desirable pockets, this beautifully presented dual-level semi offers a superb blend of character, flexibility and Inner West convenience. Bathed in sunlight, the oversized two-bedroom layout combines inviting indoor and outdoor living with a versatile upper level and private entertaining spaces. Just metres from the vibrant cafés, restaurants and boutiques of Illawarra and Marrickville Roads, it's also a short stroll to the revitalised Marrickville Library precinct, city transport and the soon-to-open Marrickville Metro station.",https://www.realestate.com.au/sold/property-house-nsw-marrickville-151980248
Marrickville,22 Ruby Street,2510000,15/08/2026,House,4,2,1.0,455.0,,2,"Idyllically positioned in one of the suburb's finest locales, this generous double-fronted home with elaborate period features and exceptionally spacious dimensions, provides immediate family comfort and is within easy walking distance to Marrickville and Tempe train stations, vibrant cafes and a plethora of eclectic eateries. Set within lovely, established garden surrounds, this fine home retains its charming traditional attributes, which includes its gracious tesselated tiled return verandah, elaborate plaster ceilings and original timber fireplaces.",https://www.realestate.com.au/sold/property-house-nsw-marrickville-151806056
Marrickville,16 Holmesdale Street,1615000,14/07/2026,House,3,1,,,,6,"Perfectly positioned in a quiet, tree lined street just moments from Henson Park, this solid brick semi offers space, flexibility and lifestyle in one of Marrickville's most sought after pockets.",https://www.realestate.com.au/sold/property-house-nsw-marrickville-151293436
Marrickville,11 Enfield Street,2290000,08/07/2026,House,4,1,1.0,354.1,,4,"This spacious and bright double-fronted residence offers a rare size, charm and location, perfect for any family looking to upsize to a solid full brick home and renovate to suit requirements. Quietly positioned just a couple of blocks to Marrickville Road amenities, it makes a standout property and a once-in-a-lifetime opportunity for those wanting to acquire a large freestanding character home with so much future potential. It's now on the market for the first time in about 70 years, and although presented in immaculate order, there is exciting scope for an update, redesign or complete transformation (STCA) to capitalise on its premium address.",https://www.realestate.com.au/sold/property-house-nsw-marrickville-151474048
Marrickville,77 Victoria Road,2020000,08/07/2026,Duplex/semi-detached,3,1,1.0,,90.0,7,"Behind an exquisite façade in a park-side precinct, beautifully elegant and brilliantly conceived renovations have harnessed the grace of this traditional home and given it a modern twist. Equal parts style and whimsical appeal, the sleek stone crafted kitchen and dining flow out to a delightful private alfresco space, magical garden and the rear lane access to its oversized garage. Marble fireplaces retain the warmth found in the lounge and two of the three bedrooms. Every element has been updated with care and precision to craft a superb retreat, metres to Enmore Park, Marrickville Metro and the bus.",https://www.realestate.com.au/sold/property-duplex+semi-detached-nsw-marrickville-150952248
Marrickville,12A Dibble Avenue,2640000,07/07/2026,House,4,3,2.0,213.1,,2,"Tucked away in a quiet pocket of Marrickville on the edge of the Cooks River Parklands, this newly built residence delivers a bold architectural presence with a design that feels both robust and refined. Freestanding to the north, the two-storey home has been conceived with longevity and scale in mind, its artisan brickwork and carefully curated materials creating a distinctive identity. Inside, a striking interplay of polished and off-form concrete, travertine, timber and glass creates a sophisticated industrial aesthetic with a subtle warehouse inspired feel. Luxurious yet restrained, the minimalist interiors draw on the philosophy of wabi-sabi, celebrating natural textures and quiet imperfection to create a sanctuary of calm. Layered in warm tones and tactile finishes, the result is a beautifully crafted, low maintenance turnkey haven designed for effortless contemporary living just 600m to Dulwich Hill village and station.",https://www.realestate.com.au/sold/property-house-nsw-marrickville-150725168
Marrickville,19 Day Street,2075000,29/06/2026,House,3,2,,188.0,,3,"Within the coveted 'Warren Estate,' this skylit Federation semi has been beautifully reimagined for the modern family, its entire top floor devoted to a private parents' sanctuary with a balcony, ensuite and home office. Steel Park and the new Metro shape the neighbourhood just beyond.",https://www.realestate.com.au/sold/property-house-nsw-marrickville-151512112
Marrickville,88 Cary Street,1790000,27/06/2026,House,3,1,2.0,265.6,,3,"Set on one of Warren Estate's finest tree-lined streets, this renovated freestanding family home bookends its floor plan with outdoor space, a remarkable oversized terrace soaking up the street's leafy aspect at the front, and a lush elevated garden oasis at the rear. Proximity to Mackey Park, Tempe Station, and Illawarra Road dining all round out this exceptional offering.",https://www.realestate.com.au/sold/property-house-nsw-marrickville-151136704
Marrickville,42 Schwebel Street,1980000,16/06/2026,House,4,1,,297.0,,4,"Positioned in a highly convenient Marrickville pocket just moments from the suburb's vibrant village hub, this character-filled bungalow presents an outstanding opportunity to move straight in, renovate or explore future redevelopment potential (STCA). Set on approximately 297sqm, the home offers four generous bedrooms, three with built-in wardrobes, along with a functional layout and off-street parking suited to a motorbike or small personal transport. With strong fundamentals and a location that continues to evolve, it delivers immediate liveability with exciting scope to enhance or completely reimagine in one of the Inner West's most connected lifestyle precincts.",https://www.realestate.com.au/sold/property-house-nsw-marrickville-151159360
Marrickville,270 Victoria Road,1650000,06/06/2026,House,4,1,1.0,,,3,"Four bedrooms, soaring ceilings, a generous, sunlit yard with rear lane access, all awaiting a cosmetic refresh. The bones are all here: double brick throughout, open brick features, separate living and dining rooms with strong proportions. The yard with grand space, light and potential.",https://www.realestate.com.au/sold/property-house-nsw-marrickville-151211024
Marrickville,3 Edward Street,2200000,05/06/2026,House,3,2,1.0,194.0,,5,"From the moment you walk in the door, this tastefully renovated period semi makes you feel good with its sense of easy urban style. The gorgeous character home has been cleverly upgraded to provide a fresh and bright living space with a low-maintenance layout and private garden sanctuary that go together to provide a fantastic in/outdoor environment. It's also perfectly positioned with Marrickville's vibrant dining scene, wine bars, cafés and the Sydenham Metro all within strolling distance.",https://www.realestate.com.au/sold/property-house-nsw-marrickville-151042888
Marrickville,8 Llewellyn Street,1560000,05/06/2026,House,2,1,,141.0,,5,"Privately enveloped in beautiful leafy surrounds and graced with natural light, this stylish home presents a slice of contemporary comfort with a charming period flavour. Thoughtfully renovated, the home assures a modern functionality and an intelligent use of space without sacrificing the sophistication of its past, featuring a generously proportioned living and dining space with an ornate fireplace. The rear of the home extends out to a remarkable entertainers' deck and courtyard, defined by a lush serenity and the ability to host memorable dinner parties and special family occasions, while the lifestyle versatility of the home is further elevated by a flexible top-floor retreat. Conveniently positioned on the cusp of Marrickville and Newtown, this is an exceptional walk-everywhere location surrounded by adored cafes and diverse restaurants, while moments from Marrickville Metro.",https://www.realestate.com.au/sold/property-house-nsw-marrickville-151257448
Marrickville,2 Darley Street,3100000,04/06/2026,House,4,2,2.0,479.0,,2,"Beautifully restored and thoughtfully renovated, this impressive period home delivers refined family living on a generous scale. Set in a tightly held, tree lined street surrounded by quality residences, the home enjoys a highly sought-after Marrickville address with easy access to both Dulwich Hill and Marrickville village amenities.",https://www.realestate.com.au/sold/property-house-nsw-marrickville-150795212
Marrickville,42 George Street,3160000,30/05/2026,House,4,1,4.0,600.0,,4,"Nestled in a tranquil pocket of Marrickville, just moments to local attractions, this classic Federation residence presents an exceptional opportunity. Whether you're looking to renovate, extend, or start fresh with a designer home or duplex (STCA), this property provides the perfect foundation to create your dream home in one of Sydney's most sought-after Inner West locations.",https://www.realestate.com.au/sold/property-house-nsw-marrickville-151031408
Marrickville,100 Neville Street,2905000,22/05/2026,House,4,2,,411.0,,4,"Rich in timber detail and richer still in character, this soulful four-bedroom family home is ready for its next chapter. Beautifully landscaped gardens and the irresistible energy of Marrickville right at the door complete a home that has been deeply loved and is ready to be loved again.",https://www.realestate.com.au/sold/property-house-nsw-marrickville-151034288
Marrickville,25 William Street,1830000,22/05/2026,House,2,1,,177.0,,3,"Traditional charm, smart modern updates and a private entertainers' garden create a great formula for lifestyle enjoyment in this gorgeous brick semi. It displays a flowing interior layout with good natural light throughout and a design that's ideal for low-care living. This superb property package is located in a premium Marrickville neighbourhood on the Stanmore/Petersham border, and you can easily walk to village amenities and transport at both, as well as Newington College and Addison Road's eateries.",https://www.realestate.com.au/sold/property-house-nsw-marrickville-151163704
Marrickville,146 Edinburgh Road,2320000,19/05/2026,House,4,2,2.0,335.1,,4,"Showcasing impressive proportions with an emphasis on space and quality, this expansive Victorian-era residence is an exceptional indoor/outdoor entertainer that will delight the whole family. It has been cleverly designed and laid out to provide light-filled living and low-maintenance alfresco style, plus it enjoys a premium Marrickville setting just a few footsteps to Enmore Park. There's so much on offer here, and the home is superbly appointed, freshly presented throughout and packed with features, including a bonus guest studio with tremendous versatility for multigenerational families or a dual-living arrangement.",https://www.realestate.com.au/sold/property-house-nsw-marrickville-150366868
Marrickville,6/29 Pine Street,590000,18/05/2026,Apartment,1,1,,,,3,"One of only ten in a red brick block, this ground-floor apartment offers the kind of renovation potential that first-home buyers and seasoned improvers recognise immediately (STCA). The location needs little introduction, with Marrickville and Dulwich Hill both claiming it as their own.",https://www.realestate.com.au/sold/property-apartment-nsw-marrickville-150883588
Marrickville,424 Marrickville Road,2875000,16/05/2026,House,4,2,2.0,519.0,,3,"Step into a rare opportunity to secure a timeless period-style residence, proudly held within the same family for over 55 years.",https://www.realestate.com.au/sold/property-house-nsw-marrickville-150935848
Cronulla,22 Chelmsford Avenue,4500000,16/09/2026,House,5,3,2.0,,,4,"Set within a tightly held South Cronulla enclave, this beautifully appointed residence delivers an exceptional combination of contemporary design, generous proportions and effortless coastal living. Spanning two impressive levels, the home has been thoughtfully designed around family life, with a selection of light-filled living zones, quality finishes and a seamless connection between the interiors and outdoor entertaining areas.",https://www.realestate.com.au/sold/property-house-nsw-cronulla-152069960
Cronulla,8/16-18 Waratah Street,980000,11/09/2026,Unit,2,1,1.0,,,1,"Enjoy a relaxed coastal lifestyle from this well-presented two-bedroom apartment, ideally positioned in a convenient and central Cronulla location. Offering a generous floorplan with comfortable living spaces, a modern kitchen and private balcony, the property provides an inviting home with everything you need for easy everyday living.",https://www.realestate.com.au/sold/property-unit-nsw-cronulla-152105824
Cronulla,5/4 Philip Street,700000,02/09/2026,Apartment,1,1,,,,2,"Offering light filled interiors and positioned on the top floor of a boutique complex, this well presented apartment presents an excellent opportunity for first home buyers, investors or those looking to add value through renovation. Comfortable as is, with exciting scope to modernise and make it your own, this home offers effortless living in a highly convenient location",https://www.realestate.com.au/sold/property-apartment-nsw-cronulla-152137208
Cronulla,2 Bay Lane,4300000,12/08/2026,House,4,2,2.0,720.8,,3,"Quietly positioned on Bay Lane, between Nicholson Parade and Darook Park Road, this home offers an elevated position on the idyllic South Cronulla peninsula just steps from Gunnamatta Bay with commanding water views from most parts of the home. Built in 2000 with grand proportions in mind there is 342sqm (approx.) of home, with a wide frontage towards the water ensuring almost all rooms have views of the Port Hacking.",https://www.realestate.com.au/sold/property-house-nsw-cronulla-149254920
Cronulla,10/7-11 Berry Street,2575000,12/05/2026,Townhouse,3,3,2.0,309.0,,5,"Nestled in a boutique complex just moments from Cronulla's iconic beaches, vibrant cafés, and easy transport, this home offers the perfect blend of relaxed coastal living and family-friendly design. Bathed in natural light, the layout is thoughtful and versatile, creating a welcoming environment where kids can play, parents can entertain, and everyone can enjoy the best of beachside life.",https://www.realestate.com.au/sold/property-townhouse-nsw-cronulla-150158912
Cronulla,19/9 Lucas Street,1800000,10/04/2026,Unit,3,2,2.0,,,3,"Designed for comfort and convenience, this spacious three-bedroom residence is ideal for over-55s seeking low-maintenance living. Enjoy seamless lift access from the garage directly to your front door, eliminating stairs and enhancing everyday ease. Well-proportioned interiors, practical layout and a peaceful community setting make this an outstanding lifestyle opportunity.",https://www.realestate.com.au/sold/property-unit-nsw-cronulla-150299804
Cronulla,12B Superba Avenue,2780000,01/04/2026,Duplex/semi-detached,3,2,2.0,313.0,,3,"A new, architect designed coastal home, quietly tucked away just moments to Cronulla's award-winning beaches. Alive with natural light that enhances the breathtaking cathedral ceilings & elegant interiors, this meticulously appointed home is truly stunning",https://www.realestate.com.au/sold/property-duplex+semi-detached-nsw-cronulla-150542496
Cronulla,1 Iluka Place,4300000,28/03/2026,House,5,3,3.0,916.0,,5,"Blending classic symmetry with a fresh Hamptons aesthetic, the interiors are airy and refined, perfectly complementing Australia's love of seamless indoor–outdoor living. Generous proportions, quality finishes and thoughtful design create a home that feels both sophisticated and wonderfully liveable.",https://www.realestate.com.au/sold/property-house-nsw-cronulla-150507540
Cronulla,5/89 Elouera Road,1215000,17/03/2026,Unit,2,2,1.0,,,5,"Positioned in a boutique block of 6, this spacious apartment delivers an exceptional lifestyle opportunity combining generous interiors, multiple balconies and everyday convenience. Offering a functional layout with light-filled living areas and seamless indoor-outdoor flow, this residence is ideal for first home buyers, investors or those seeking relaxed beachside living.",https://www.realestate.com.au/sold/property-unit-nsw-cronulla-150424740
Cronulla,10 Portsmouth Street,3600000,28/02/2026,House,4,2,3.0,575.4,,2,"Rarely in today's real estate market is such a special residence offered for sale on the exclusive South Cronulla peninsula. This superbly maintained family home has truly stood the test of time and is presented in indisputably impeccable condition. A seamless blend of charming detail and graceful interiors creates a choice of formal and informal living areas, with effortless flow to outdoor entertaining and a garden-lovers' rear yard.",https://www.realestate.com.au/sold/property-house-nsw-cronulla-150120000
Cronulla,7/22-24 Franklin Road,1825000,25/02/2026,Townhouse,2,2,2.0,186.0,,1,"Bathed in natural light with a northern aspect, this freshly presented freestanding townhouse offers exceptional space and privacy in a boutique block of seven. High ceilings, entertainer's courtyard and generous 186sqm on title, close to transport, restaurants and cafes with a leafy outlook throughout.",https://www.realestate.com.au/sold/property-townhouse-nsw-cronulla-150201476
Cronulla,2/23 Gosport Street,960000,21/02/2026,Unit,3,1,,,97.0,3,"Positioned in a highly desirable location, this spacious, light-filled ground floor apartment offers an exceptional lifestyle opportunity. Featuring a sun-drenched open living and dining area with a prized north aspect, modern kitchen, and three generous bedrooms with oversized windows, it perfectly blends comfort, style, and convenience.",https://www.realestate.com.au/sold/property-unit-nsw-cronulla-150014328
Cronulla,3/32-36 Flinders Road,2150000,13/02/2026,Villa,3,2,2.0,235.0,,1,"A hard to resist 3-bedroom villa, beautifully updated in warm, coastal tones. Granite kitchen, ducted air-conditioning, built-in robes, 2-car garage, courtyard, sunroom & open-plan lounge/dining. Only minutes to the beach, trains, doctor, post office, cafes & schools.",https://www.realestate.com.au/sold/property-villa-nsw-cronulla-150100596
Cronulla,7 Howie Avenue,3008000,07/02/2026,House,3,1,2.0,581.7,,2,"Nestled on a generous 581.7sqm block set in R3 zoning with a commanding 21.34m frontage, this well-loved, full brick family home presents an exceptional opportunity for families and developers in a sought-after coastal setting. Move in and enjoy as is, personalise to your taste, or take advantage of the potential to renovate, rebuild, or create a cutting-edge architecturally designed dream home or duplex (STCA).",https://www.realestate.com.au/sold/property-house-nsw-cronulla-149954696
Cronulla,8 Alfred Avenue,2560000,06/12/2025,House,2,1,1.0,568.0,,2,"Light-filled and thoughtfully updated, this two bedroom home offers an effortless indoor-outdoor lifestyle with a calm, coastal feel throughout. The main living area flows to a charming front porch, perfect for slow mornings or relaxed afternoons. Both bedrooms are well-sized, with the main featuring a built-in robe, and the bathroom has been beautifully modernised with a freestanding bath and matte black finishes, adding a touch of everyday luxury.",https://www.realestate.com.au/sold/property-house-nsw-cronulla-149601884
Cronulla,12 Bate Bay Road,2415000,29/11/2025,House,3,2,1.0,,,4,"Situated in one of Cronulla's most desirable beachside pockets, this low maintenance home would suit young families or downsizers which blends easy-care comfort with an enviable location.",https://www.realestate.com.au/sold/property-house-nsw-cronulla-149489452
Cronulla,46 Kirkwood Road,3850000,22/11/2025,House,4,2,2.0,714.3,,5,"Oozing timeless Hamptons charm enhanced by sleek modern finishes, this beautifully renovated home delivers effortless family living across a functional single-level floorplan. Featuring bright and airy interiors that connect seamlessly to a covered alfresco overlooking a sparkling in-ground pool and level yard, offering an inviting space for children to play, making it a true family haven.",https://www.realestate.com.au/sold/property-house-nsw-cronulla-149409028
Cronulla,41 Sturt Road,3100000,21/11/2025,Duplex/semi-detached,4,3,4.0,,,2,"Step into a world of unparalleled beachside opulence with this architectural masterpiece that redefines coastal sophistication. Seamlessly blending contemporary elegance with timeless design, every element has been thoughtfully crafted to elevate everyday living. At the heart of the home, expansive open plan living and dining areas flow effortlessly to a private, covered alfresco space and a sun-drenched, sparkling in-ground swimming pool, perfect for year-round entertaining. Positioned just moments from pristine beaches, renowned schools, scenic golf courses, and vibrant local amenities, this exceptional residence offers the ultimate balance of tranquillity and convenience in one of Cronulla's most coveted locations.",https://www.realestate.com.au/sold/property-duplex+semi-detached-nsw-cronulla-148774300
Cronulla,175 Ewos Parade,4805000,15/11/2025,House,3,2,4.0,638.0,,3,"Step into a world of timeless style and effortless beachside living with this beautifully maintained Californian Bungalow. Built in 1923 and located in South Cronulla, very sought after & tightly held peninsular.",https://www.realestate.com.au/sold/property-house-nsw-cronulla-149364444
Cronulla,2/12-14 Wilshire Avenue,3250000,12/11/2025,Townhouse,3,3,2.0,,,2,"A distinguished celebration of heritage design, this exceptional residence within the award-winning development 'The Abbey' showcases masterful craftsmanship and timeless appeal. Blending traditional grandeur with modern luxury, every detail has been thoughtfully curated to create a home of lasting beauty, comfort, and refinement. Offering an effortless connection between indoor and outdoor living, it enjoys a prized position between the beach and bay.",https://www.realestate.com.au/sold/property-townhouse-nsw-cronulla-149257412
Cronulla,5/77 Kurnell Road,1290000,06/11/2025,Townhouse,2,1,1.0,,,2,"Tucked peacefully at the rear of a boutique complex of just five, this contemporary two-bedroom townhouse offers the perfect blend of comfort, space and coastal convenience. Spread over two generous levels with high ceilings and refreshed interiors, it features a practical free-flowing layout designed for relaxed everyday living.",https://www.realestate.com.au/sold/property-townhouse-nsw-cronulla-149391704
Cronulla,50a Elouera Road,3625000,31/10/2025,Duplex/semi-detached,5,3,2.0,324.9,,3,"Azurea sets a new benchmark in luxury beachside living. This architectural masterpiece spans over 256sqm of internal space, offering elegance and comfort with a striking façade, bespoke interiors, seamless indoor-outdoor flow, golf course views, and a private pool-all just 400m from Cronulla's beaches.",https://www.realestate.com.au/sold/property-duplex+semi-detached-nsw-cronulla-149122812
Cronulla,39 Darook Park Road,8750000,24/10/2025,House,3,3,2.0,,,3,"Positioned in one of Cronulla's most tightly held waterfront settings, this exceptional residence delivers a rare opportunity in a blue-ribbon location. Originally built in 1953 and completely reimagined in 2006, the home blends timeless solidity with contemporary elegance. An easy floorplan creates seamless flow between the garage entry, kitchen, dining and living areas, while a serene master on the same level offers the ease of near single-level living. Additional accommodation downstairs includes two further bedrooms and a full bathroom, perfect for family or guests.",https://www.realestate.com.au/sold/property-house-nsw-cronulla-149278316
Cronulla,1-8/44 Hume Road,4630000,23/10/2025,Block of units,14,8,4.0,580.0,,2,"Set on a prized corner block approx. 580sqm directly opposite Cronulla Golf Club, this is a rare opportunity to acquire an entire block of 8 comprising of 4 x 1br & 4 x 2br apartments. All apartments have been updated throughout with internal laundries and 4 car spaces. With LMR development uplift and just 490m to Elouera beach, shops, cafés and Woolooware train station. Currently returning $208,520pa with scope to increase.",https://www.realestate.com.au/sold/property-unitblock-nsw-cronulla-149158024
Cronulla,20 Dodson Avenue,3450000,22/10/2025,House,4,3,2.0,689.0,,2,"Nestled in one of Cronulla's most exclusive cul-de-sacs, this luxurious coastal residence offers refined living just moments from the beach and town centre. The home features multiple living areas, a gourmet marble kitchen with high-end appliances, and a seamless flow to an alfresco entertaining space and private in-ground pool. Upstairs, the master retreat boasts a media lounge, home office, walk-in robe, and balcony with water views. With four bedrooms, heated-floor bathrooms, secure gated entry, and a double garage, this turnkey home is perfect for modern family living.",https://www.realestate.com.au/sold/property-house-nsw-cronulla-148919732
Cronulla,26 Sturt Road,2330000,11/10/2025,House,3,1,1.0,590.0,,2,"Positioned in one of Cronulla's most convenient and sought-after pockets, this sun-drenched home presents a rare opportunity to secure a prime piece of real estate in a tightly held location. Set on a generous block and flooded with natural light, the property offers exciting potential to renovate or knock down and rebuild your dream home (STCA), making it ideal for families, builders, or savvy investors looking to capitalise on this premium coastal setting.",https://www.realestate.com.au/sold/property-house-nsw-cronulla-149050804
Cronulla,1/103 Ewos Parade,2820000,10/10/2025,Villa,3,2,3.0,421.0,,2,"Strategically positioned in peaceful South Cronulla within the luxury Nun's Pool building, this ground floor villa offers unique house-sized living directly opposite Shelly Park, perfect for downsizers and families seeking space.",https://www.realestate.com.au/sold/property-villa-nsw-cronulla-149008824
Cronulla,7/18-22 Kurnell Road,1850000,01/10/2025,Townhouse,3,2,2.0,,195.0,2,"This stylish and modern three-bedroom townhouse offers the perfect blend of comfort and convenience, with only one common wall to maximise privacy and natural sunlight. Thoughtfully designed, the spacious floorplan flows seamlessly into a sun-drenched entertainer's backyard - ideal for relaxed living and alfresco dining. Perfectly positioned just moments from Cronulla's iconic surf beaches, vibrant cafes, and the local golf course, this is an exceptional opportunity to secure a low-maintenance lifestyle in a sought-after coastal setting.",https://www.realestate.com.au/sold/property-townhouse-nsw-cronulla-149015892
Cronulla,2/3 Pozieres Street,1860000,24/09/2025,Townhouse,3,2,4.0,,227.0,3,"Nestled in one of North Cronulla's most sought-after cul-de-sac streets, this freestanding three-bedroom home delivers the perfect fusion of timeless design and relaxed coastal living. With light-filled interiors that flow effortlessly to a northeast-facing entertainer's courtyard, the home invites indoor-outdoor living at its best. Surrounded by lush established gardens and thoughtfully crafted for modern lifestyles, it offers generous living spaces that balance comfort and functionality in an idyllic beachside setting.",https://www.realestate.com.au/sold/property-townhouse-nsw-cronulla-148575304
Cronulla,12 Grosvenor Crescent,2800000,17/09/2025,House,4,2,2.0,670.3,,3,"Set in a peaceful, sought-after street, this charming home presents original character and exciting potential. With a flexible layout, huge outdoor swimming pool, and separate accommodation, this property is the perfect canvas for family living or future renovation in a desired lifestyle location.",https://www.realestate.com.au/sold/property-house-nsw-cronulla-148845920
Cronulla,2 Cook Street,2410000,07/08/2025,House,3,1,1.0,556.4,,2,"Discover the exceptional potential of this cherished family home, proudly offered for the first time since it was built in 1948. Positioned on a prized, level 556.4sqm (approx.) block with a wide 15.24m frontage, the property sits among quality residences in a highly sought-after Cronulla property pocket. Whether you're planning a thoughtful renovation or envisioning a fresh start, this is a rare opportunity to bring your plans to life.",https://www.realestate.com.au/sold/property-house-nsw-cronulla-148398772
Cronulla,8/81-83 Ewos Parade,950000,06/08/2025,Apartment,2,1,,,63.0,2,Living in this delightful apartment will feel like a dream come true. The best of the best is offered living on the spectacular South Cronulla peninsula right across the road from the iconic Shelly Park and beach with ocean pool.,https://www.realestate.com.au/sold/property-apartment-nsw-cronulla-148578372
Cronulla,65a The Esplanade,7200000,25/07/2025,Apartment,4,3,5.0,,,2,"Nestled along the pristine shores of Shelley Beach, this expansive full-floor residence epitomizes the height of luxurious coastal living. SEA showcases a spectacular layout designed for entertaining, effortlessly blending with breathtaking, world-class views. Developed with precision by the acclaimed Sammut Group, this home redefines opulent beachside living and is ready to move in and enjoy.",https://www.realestate.com.au/sold/property-apartment-nsw-cronulla-146586752
Cronulla,17a Robinson Street,1650000,10/07/2025,House,2,1,1.0,,205.0,1,"Set in a highly sought-after beachside suburb, this immaculate single-level duplex offers a lifestyle of low-maintenance ease and modern comfort. With no common living walls and interiors bathed in natural light, it's the perfect coastal retreat just moments from pristine beaches, cafes, shops, transport, and a selection of premier golf courses.",https://www.realestate.com.au/sold/property-house-nsw-cronulla-148426112
Cronulla,99 Nicholson Parade,4700000,27/06/2025,House,5,3,3.0,670.9,,2,"Perched in an elevated position within one of South Cronulla's most tightly held enclaves, this timeless residence captures panoramic views across Gunnamatta Bay and offers the rare privilege of direct beach access on title.",https://www.realestate.com.au/sold/property-house-nsw-cronulla-147667640
Cronulla,2/39-41 Searl Road,1455000,04/06/2025,Townhouse,3,2,2.0,,205.0,2,"Positioned in a boutique development of just seven, this spacious and tastefully refreshed three-bedroom townhouse enjoys a quiet, sought-after Cronulla location. Showcasing brand-new light fittings, carpet, and a fresh coat of paint throughout, it also offers a sun-drenched rear courtyard ideal for entertaining.",https://www.realestate.com.au/sold/property-townhouse-nsw-cronulla-148070508
Cronulla,11/1 Kingsway,420000,23/04/2025,Studio,1,1,,,,3,"A great opportunity to invest in the heart of Cronulla. with a consistent income, this resort style studio apartment is located in Cronulla's prestigious 'Quest' complex. Surrounded by an array of lifestyle amenities, restaurants, cafes and popular walking tracks and only moments from Cronulla Beach.",https://www.realestate.com.au/sold/property-studio-nsw-cronulla-146789616
Cronulla,2a Sturt Road,1638000,12/04/2025,Villa,3,1,2.0,,,2,"Enjoying an enviable location and all on one level, this low maintenance residence presents an exceptional opportunity for those seeking to downsize or a family wishing for a convenient lifestyle.",https://www.realestate.com.au/sold/property-villa-nsw-cronulla-147559024
Cronulla,22 Taloombi Street,3910000,09/04/2025,House,4,3,2.0,695.0,,2,"Now DA-approved, this exceptional 695sqm landholding is ready to unlock its full potential as a premier development opportunity. More than just land-it's a statement of luxury, space, and coastal connection. Set in one of Cronulla's most sought-after streets, this rare offering presents the chance to build an architecturally designed home that blends seamlessly with its stunning bayside surroundings. This is your opportunity to bring a world-class vision to life in a location that defines prestige and exclusivity.",https://www.realestate.com.au/sold/property-house-nsw-cronulla-147521248
Cronulla,35 Flinders Road,2510000,15/03/2025,House,4,3,2.0,573.0,,1,"Exuding timeless character and charm, this two-level family residence offers the perfect balance of comfort and functionality. Thoughtfully designed with four bedrooms and multiple living spaces that flow seamlessly to private outdoor entertaining areas, this home presents an exceptional opportunity to add your own modern touches and create a space that truly reflects your style.",https://www.realestate.com.au/sold/property-house-nsw-cronulla-147303088
Springwood,2/9 Bland Road,880000,09/09/2026,House,3,2,1.0,,,4,"Tucked away in a quiet, secluded pocket of Springwood, this beautifully presented three-bedroom duplex offers the perfect balance of lifestyle, location and easy-care living. Positioned on a single level and not part of a large complex, this home delivers privacy and a relaxed lifestyle that will appeal to first home buyers, downsizers and savvy investors alike.",https://www.realestate.com.au/sold/property-house-nsw-springwood-151930300
Springwood,3/110 Lalor Drive,670000,03/09/2026,Villa,1,1,1.0,,,7,"Peacefully located in a popular over 55's complex, this well maintained one bedroom villa is perfect for those looking to down-size. Showcasing a light-filled, open-plan lounge/dining room that leads to the kitchen and onto the rear patio entertaining area, single garage and reverse cycle air conditioning.",https://www.realestate.com.au/sold/property-villa-nsw-springwood-151759292
Springwood,3 Eucalypt Road,840000,28/08/2026,House,3,1,1.0,404.0,,3,"Peacefully tucked away at the end of a quiet cul-de-sac, just 600m from Springwood Village village and approximately 900m to the train station. Enjoy convenient access to everything while still enjoying a private and tranquil setting.",https://www.realestate.com.au/sold/property-house-nsw-springwood-151427852
Springwood,57 Farm Road,1100000,25/08/2026,House,4,2,2.0,710.0,,5,"Beautifully renovated throughout and positioned in a peaceful yet highly convenient pocket of Springwood, this impressive family residence delivers the perfect balance of style, comfort and functionality. Set on approximately 710sqm of established grounds, the home has been thoughtfully updated to create a welcoming retreat for growing families, with generous living spaces and seamless indoor/outdoor entertaining.",https://www.realestate.com.au/sold/property-house-nsw-springwood-151554724
Springwood,35 Paterson Road,999999,20/08/2026,House,3,1,,1028.0,,4,"Positioned on a substantial 1,028m² parcel of land in a sought-after Springwood location, this charming home presents an outstanding opportunity for first-home buyers, downsizers seeking space without the maintenance, and savvy investors looking to secure a quality property in a high-demand area.",https://www.realestate.com.au/sold/property-house-nsw-springwood-151510984
Springwood,65 Davies Avenue,900000,19/08/2026,House,3,1,1.0,587.0,,4,"Tucked away on a peaceful, tree-lined street that both fronts and backs onto bush, this three-bedroom home offers a rare mix of privacy and convenience just outside Springwood village. Original but neat throughout, it presents a great opportunity for first home buyers looking to get a foot in the door, or investors after a straightforward addition to the portfolio.",https://www.realestate.com.au/sold/property-house-nsw-springwood-151917256
Springwood,167 Burns Road,2130000,10/08/2026,House,4,2,2.0,22300.0,,5,"This property is phenomenal. 5.5 acres, backing bush, with a gorgeous and spacious light filled cottage home, studio with ensuite, tiny home and inground pool - with the most amazing outlook to the valley that peacefully sits within your backyard.",https://www.realestate.com.au/sold/property-house-nsw-springwood-151385688
Springwood,4/5 Moorecourt Avenue,670000,31/07/2026,Unit,2,1,1.0,,70.0,1,"Offering an affordable entry into the tightly held Springwood market, this split-level unit enjoys a highly convenient location on the corner of Moorecourt Avenue and the Great Western Highway, approximately 500m from Springwood village, cafés, shops, supermarkets and train station. Lovingly cared for and immaculately presented, the property offers comfortable living from day one while appealing to first home buyers, downsizers and investors alike.",https://www.realestate.com.au/sold/property-unit-nsw-springwood-151841628
Springwood,69 Davies Avenue,1150000,15/07/2026,House,3,1,4.0,809.0,,4,"Welcome to your dream home nestled in one of Springwood's most sought after streets. This immaculate single level three-bedroom residence offers an ideal retreat for those looking to enter the market or down-size without compromising on style or convenience. Fully renovated throughout and showcasing a huge detached triple 6m x 9m garage with toilet and high ceiling (perfect for a future hoist), this home has much more than the ordinary.",https://www.realestate.com.au/sold/property-house-nsw-springwood-151329576
Springwood,3/409 Great Western Highway,1125000,13/07/2026,Townhouse,3,2,1.0,,,3,"Tucked within the secure Greenhays over-55s enclave in Springwood, accessed off Churchill Street, Springwood, this address places you within an easy stroll directly into Buttenshaw Park and the footpath to Springwood Aquatic & Fitness Centre, with village shops, transport and everyday amenities close at hand.",https://www.realestate.com.au/sold/property-townhouse-nsw-springwood-149697584
Springwood,26 Park Avenue,1005000,03/07/2026,House,4,2,1.0,733.5,,5,"LOCATION - Tucked away in a peaceful pocket of Springwood, this beautifully updated home offers privacy and quiet while remaining just minutes from Springwood Village, cafés, schools, parks and transport. Set on an approx. 733.5m² block, the property also offers exciting potential for rear access from Norton Avenue, creating dual street access (Subject to Council Approval)",https://www.realestate.com.au/sold/property-house-nsw-springwood-150216180
Springwood,1 Moore Road,915000,17/06/2026,House,2,1,,739.8,,3,"LOCATION - Perfectly positioned in a highly sought after Springwood pocket, this charming home offers exceptional convenience within approximately 1.2km of Springwood Village shops, 1.6km to the train station, and easy access to Lomatia Park and bus transport. Set on an approximately 739m² block, this is a fantastic opportunity for first home buyers, downsizers, or investors looking to secure an affordable foothold in a tightly held Blue Mountains location.",https://www.realestate.com.au/sold/property-house-nsw-springwood-151339748
Springwood,2/8-9 Ferguson Road,880000,09/06/2026,Townhouse,4,2,2.0,,,1,"Perfectly positioned in the heart of highly sought-after Springwood Village, this spacious multi-level townhouse provides effortless, walkable living in a prime village location.",https://www.realestate.com.au/sold/property-townhouse-nsw-springwood-150713616
Springwood,33 Huntley Grange Road,975000,05/06/2026,House,3,1,1.0,847.3,,5,"Situated on a peaceful parcel in one of Springwood's most sought-after and tranquil neighbourhoods, this home enjoys convenient access to local schools, public transport, and Springwood village, all while offering a quiet and private family environment.",https://www.realestate.com.au/sold/property-house-nsw-springwood-150665956
Springwood,2/19 Stypandra Street,820000,02/06/2026,Villa,2,1,1.0,,,5,"Tucked away in a private setting, this well-presented residence delivers a perfect blend of comfort, convenience, and low-maintenance living. Ideal for first-home buyers, downsizers, or investors, it offers a practical layout with inviting interiors and a relaxed lifestyle to match.",https://www.realestate.com.au/sold/property-villa-nsw-springwood-151046160
Springwood,3 Short Street,1345000,02/02/2026,House,4,2,2.0,765.1,,2,"LOCATION - Discover the privilege of living in one of the village's most coveted pockets, where tranquillity meets total convenience. Nestled on a tightly held, tree-lined street, this exceptional home places you just moments from daily essentials - only 80m to the bus, a short stroll to the acclaimed Sassafras Gully bushwalk, and an easy 700m (approx.) walk to vibrant cafés, restaurants, boutique shops and the train. Everything you love about village living is right at your fingertips.",https://www.realestate.com.au/sold/property-house-nsw-springwood-149804656
Springwood,6/2-8 Bland Road,915000,15/01/2026,Townhouse,3,2,1.0,,,4,"Nestled at the end of a cul-de-sac, this inviting unit complex comprises seven well-appointed homes, offering a low maintenance home while maintaining convenient access to the highway and vibrant Springwood village. Unit 6 stands out with its charming Japanese Maple gracing the front garden, setting a welcoming tone. Inside, split system air conditioning, new carpets and freshly polished floors in neutral tones create a warm ambiance throughout. A thoughtful split-level design maximises space. The entry level opens you to the home and offers a comfortable bedroom with ceiling fan, and across the hall, internal access to a single garage with electric roller door.",https://www.realestate.com.au/sold/property-townhouse-nsw-springwood-149810268
Springwood,33/2 Valley Road (The Glen Crescent),751000,18/11/2025,Townhouse,2,1,1.0,,,2,"Positioned in a quiet, leafy enclave just moments from the heart of Springwood village, this light-filled high set two-bedroom townhouse offers a rare blend of serenity, practicality, and flexibility. Whether you're a first-time buyer, down-sizer, or investor, this home invites you to settle into a lifestyle of comfort and convenience — with bushland views, thoughtful upgrades, and a warm, welcoming feel throughout.",https://www.realestate.com.au/sold/property-townhouse-nsw-springwood-149491668
Springwood,2 Sylvania Avenue,890000,10/11/2025,House,3,1,1.0,897.9,,2,"LOCATION - Positioned on a generous 898m² corner block with R2 zoning, this home enjoys a sought-after Springwood address. Just moments from the village, it offers convenience alongside privacy, with the added benefit of off-street parking.",https://www.realestate.com.au/sold/property-house-nsw-springwood-149309140
Springwood,64 Ellison Road,940000,02/09/2025,House,3,1,2.0,,,7,"Tucked away from the hustle of suburbia, this neat little number is a nostalgic nod to Australia's iconic 1970's solidly constructed homes - beautifully refreshed to blend timeless charm with today's comforts.",https://www.realestate.com.au/sold/property-house-nsw-springwood-148539036
Springwood,13 Spring Street,1700000,29/08/2025,House,4,2,2.0,1769.0,,4,"Completed less than a year ago, this stunning McDonald Jones home offers the perfect blend of modern design, family functionality and luxurious finishes. Set on an expansive 1,769sqm block with wide side access, the property provides endless potential - from adding a granny flat to building your dream pool - while already delivering a move-in ready lifestyle.",https://www.realestate.com.au/sold/property-house-nsw-springwood-148817164
Springwood,5 Huntley Grange Road,1060000,15/08/2025,House,3,2,1.0,784.1,,4,"This beautifully renovated, light-filled home is ready for you to move in and enjoy modern living with versatile zoning—ideal for families, professionals, or anyone looking to work from home. Nestled in a peaceful, highly sought-after area of Springwood, this property effortlessly blends elegant interiors with practical features and a spacious backyard perfect for the whole family.",https://www.realestate.com.au/sold/property-house-nsw-springwood-148496000
Springwood,12 Batman Crescent,1150000,18/07/2025,House,3,2,1.0,919.2,,6,"This welcoming, spacious three-bedroom home with massive games room, offers a great opportunity, set on a generous 919.2 m² block with views from the front in a quiet, family-friendly street, packed with space, character combining inclusions such as multiple living zones, new blinds, ducted air conditioning and solar panels and covered outdoor alfresco area for everyday living.",https://www.realestate.com.au/sold/property-house-nsw-springwood-148436352
Springwood,6/32-34 Valley Road,610000,26/06/2025,Townhouse,2,1,1.0,,,2,"Over 55 is not what it once was, time to enjoy your career and social lifestyle, ideal for nature lovers with local walking tracks and a low-maintenance property, the ultimate base for your travel adventures. This property is ideal for the busy pre-retiree with attractive street frontage and offers a superb and convenient lifestyle, not tied down with the maintenance of a large garden block.",https://www.realestate.com.au/sold/property-townhouse-nsw-springwood-146636712
Springwood,5/8-9 Ferguson Road,855000,20/03/2025,Townhouse,3,2,1.0,,,1,"Step inside and feel at home in this beautifully presented tri-level townhouse, offering a larger floorplan than most and fresh updates that will make moving in effortless! Recently refreshed with brand-new carpet, hard flooring, fresh paint throughout, brand new split-system reverse cycle air conditioner, this home is designed for modern, low-maintenance living.",https://www.realestate.com.au/sold/property-townhouse-nsw-springwood-147401176
Springwood,1/6-12 Stypandra Place,710000,05/02/2025,Villa,2,1,1.0,,,5,"LOCATION - Popular extremely well maintained small complex, close to Lomatia Park, bus & easy access to Springwood village and highway.",https://www.realestate.com.au/sold/property-villa-nsw-springwood-146915096
Springwood,11/92-110 Lalor Drive,660000,17/01/2025,Villa,2,1,1.0,,86.0,7,"LOCATION - Ideally located in a peaceful, like-minded community, in close proximity to bush walks and nature trails, approx. 180 meters from a bus stop, and with vibrant Springwood village with its cafes, restaurants, shops, pubs, club and rail only approx. 3.5km away.",https://www.realestate.com.au/sold/property-villa-nsw-springwood-146776008
Springwood,3/14-20 Stypandra Place,720000,13/12/2024,Villa,3,2,1.0,,,4,"This surprisingly spacious all ages three-bedroom villa located in a lovely cul-de-sac on the northern side of Springwood is an excellent opportunity for the first home buyer to enter the market, an empty nester to downsize or an investor to add to their portfolio. It has plenty of scope for you to update and add your personal style and touches.",https://www.realestate.com.au/sold/property-villa-nsw-springwood-146651500
Springwood,85 Douglas Street,813000,05/12/2024,House,4,2,1.0,789.0,,4,"Ideally situated in the vibrant suburb of Springwood, this brick home boasts a generous frontage on a rounded north-eastern corner block, making it a fantastic opportunity for those seeking extra living space, a home office, or occasional guest accommodation.",https://www.realestate.com.au/sold/property-house-nsw-springwood-146600112
Springwood,3/42 Raymond Road,545000,13/11/2024,Unit,2,1,,709.0,,2,"This superb value two bedroom unit offers an unbeatable entry into the Springwood property market. The unit's layout maximises space and functionality, making it an ideal choice for first home buyers, investors or those seeking a low-maintenance lifestyle. Sit back and relax in the open plan lounge/dining room or enjoy your morning coffee on the balcony while taking in the peaceful surrounds. Located just a short stroll to Springwood village, the convenience this home offers is unmatched.",https://www.realestate.com.au/sold/property-unit-nsw-springwood-146384824
Springwood,3/5-6 Ferguson Road,485000,01/10/2024,Apartment,2,1,1.0,,,1,"LOCATION - Set only minutes walk to Springwood village, leave the car in the garage and stroll to Springwood train station, boutique shops, cafes, and restaurants, you will love the easy way of living with this unit.",https://www.realestate.com.au/sold/property-apartment-nsw-springwood-145442540
Springwood,2/14 Hawkesbury Road,730000,16/09/2024,Villa,3,1,1.0,,,14,"LOCATION: Prime position with ultra-convenient access (within 650m) to Springwood Village, shops, services & cafes, 1km to rail and 450m stroll to Springwood Sports Club.",https://www.realestate.com.au/sold/property-villa-nsw-springwood-146049736
Springwood,1/19 Lugano Avenue,855000,09/09/2024,Townhouse,3,2,1.0,640.0,,3,"LOCATION: Situated in a sought-after tranquil location, in a quiet cul de sac, with easy highway access, boasting ultimate convenience, being in close proximity to the Aquatic & Fitness Centre, Buttenshaw Park and a pleasant 1.2km stroll to Springwood village shops, cafes, train and services.",https://www.realestate.com.au/sold/property-townhouse-nsw-springwood-145741184
Springwood,39/2 Valley Road,670000,07/08/2024,Villa,2,1,1.0,,88.0,3,"Discover the perfect blend of comfort and convenience is a neat 2-bedroom villa, within a peaceful complex in the heart of Springwood.",https://www.realestate.com.au/sold/property-villa-nsw-springwood-145474616
Springwood,24 Raymond Road,960000,09/07/2024,House,3,1,,696.0,,2,"This home is perfect for first-time buyers looking for a place to call their own, downsizers or a family who would like to live on a beautiful street in a prime location and potential for future growth. 24 Raymond Road is an opportunity not to be missed!",https://www.realestate.com.au/sold/property-house-nsw-springwood-145423492
Springwood,39 Linksview Road,1100000,23/05/2024,House,4,2,1.0,834.7,,5,"LOCATION: Peacefully set in a quiet street overlooking the beautiful Springwood Golf Course, within 3.4km to Springwood train station, vibrant Springwood village, popular schools, parks and bush walks.",https://www.realestate.com.au/sold/property-house-nsw-springwood-144885728
Springwood,95 Burns Road,887000,20/05/2024,House,3,1,2.0,873.0,,4,"LOCATION - Beautifully located on popular 'Springwood's South Side', conveniently positioned just moments to local tennis centre, walking distance (850m) to sought after primary school, 2.2km to train, within 1.8km to village cafes, services and shopping precinct and all with an incredible bush outlook of Sassafras Gully to the rear.",https://www.realestate.com.au/sold/property-house-nsw-springwood-145049792
Springwood,8/6-12 Stypandra Place,770000,16/05/2024,Villa,2,1,1.0,,103.0,4,"LOCATION - Popular small complex, close to Lomatia Park, bus & easy access to Springwood Village and with easy highway access via lights.",https://www.realestate.com.au/sold/property-villa-nsw-springwood-144783648
Springwood,5/5-6 Ferguson Road,490000,08/05/2024,Apartment,2,1,1.0,,,1,"Your cozy oasis nestled in the heart of Springwood awaits, just steps away from the convenience of Springwood Station and Village; approximately 100m to Springwood Train Station and Springwood Village a mere 5-minute (approx.) walk. This charming two bedroom unit offers a perfect blend of comfort and convenience. Whether you're a first-time homebuyer, or seeking a smart investment opportunity, this unit ticks all the boxes. This opportunity won't wait—secure your slice of comfort and convenience before it's gone.",https://www.realestate.com.au/sold/property-apartment-nsw-springwood-144820180
Springwood,2/8 Boland Avenue,455000,01/05/2024,Unit,1,1,,,,4,"This home enjoys a prime location with nearby schools and scenic bush walks. Conveniently situated close to the Great Western Highway and just 2.9 kilometers from Springwood Town Centre & Station, it offers easy access to amenities and transport.",https://www.realestate.com.au/sold/property-unit-nsw-springwood-144597580
